--
-- PostgreSQL database dump
--

-- Dumped from database version 17.5
-- Dumped by pg_dump version 17.5

SET statement_timeout = 0;
SET lock_timeout = 0;
SET idle_in_transaction_session_timeout = 0;
SET transaction_timeout = 0;
SET client_encoding = 'UTF8';
SET standard_conforming_strings = on;
SELECT pg_catalog.set_config('search_path', '', false);
SET check_function_bodies = false;
SET xmloption = content;
SET client_min_messages = warning;
SET row_security = off;

SET default_tablespace = '';

SET default_table_access_method = heap;

--
-- Name: auth_group; Type: TABLE; Schema: public; Owner: postgres
--

CREATE TABLE public.auth_group (
    id integer NOT NULL,
    name character varying(150) NOT NULL
);


ALTER TABLE public.auth_group OWNER TO postgres;

--
-- Name: auth_group_id_seq; Type: SEQUENCE; Schema: public; Owner: postgres
--

ALTER TABLE public.auth_group ALTER COLUMN id ADD GENERATED BY DEFAULT AS IDENTITY (
    SEQUENCE NAME public.auth_group_id_seq
    START WITH 1
    INCREMENT BY 1
    NO MINVALUE
    NO MAXVALUE
    CACHE 1
);


--
-- Name: auth_group_permissions; Type: TABLE; Schema: public; Owner: postgres
--

CREATE TABLE public.auth_group_permissions (
    id bigint NOT NULL,
    group_id integer NOT NULL,
    permission_id integer NOT NULL
);


ALTER TABLE public.auth_group_permissions OWNER TO postgres;

--
-- Name: auth_group_permissions_id_seq; Type: SEQUENCE; Schema: public; Owner: postgres
--

ALTER TABLE public.auth_group_permissions ALTER COLUMN id ADD GENERATED BY DEFAULT AS IDENTITY (
    SEQUENCE NAME public.auth_group_permissions_id_seq
    START WITH 1
    INCREMENT BY 1
    NO MINVALUE
    NO MAXVALUE
    CACHE 1
);


--
-- Name: auth_permission; Type: TABLE; Schema: public; Owner: postgres
--

CREATE TABLE public.auth_permission (
    id integer NOT NULL,
    name character varying(255) NOT NULL,
    content_type_id integer NOT NULL,
    codename character varying(100) NOT NULL
);


ALTER TABLE public.auth_permission OWNER TO postgres;

--
-- Name: auth_permission_id_seq; Type: SEQUENCE; Schema: public; Owner: postgres
--

ALTER TABLE public.auth_permission ALTER COLUMN id ADD GENERATED BY DEFAULT AS IDENTITY (
    SEQUENCE NAME public.auth_permission_id_seq
    START WITH 1
    INCREMENT BY 1
    NO MINVALUE
    NO MAXVALUE
    CACHE 1
);


--
-- Name: auth_user; Type: TABLE; Schema: public; Owner: postgres
--

CREATE TABLE public.auth_user (
    id integer NOT NULL,
    password character varying(128) NOT NULL,
    last_login timestamp with time zone,
    is_superuser boolean NOT NULL,
    username character varying(150) NOT NULL,
    first_name character varying(150) NOT NULL,
    last_name character varying(150) NOT NULL,
    email character varying(254) NOT NULL,
    is_staff boolean NOT NULL,
    is_active boolean NOT NULL,
    date_joined timestamp with time zone NOT NULL
);


ALTER TABLE public.auth_user OWNER TO postgres;

--
-- Name: auth_user_groups; Type: TABLE; Schema: public; Owner: postgres
--

CREATE TABLE public.auth_user_groups (
    id bigint NOT NULL,
    user_id integer NOT NULL,
    group_id integer NOT NULL
);


ALTER TABLE public.auth_user_groups OWNER TO postgres;

--
-- Name: auth_user_groups_id_seq; Type: SEQUENCE; Schema: public; Owner: postgres
--

ALTER TABLE public.auth_user_groups ALTER COLUMN id ADD GENERATED BY DEFAULT AS IDENTITY (
    SEQUENCE NAME public.auth_user_groups_id_seq
    START WITH 1
    INCREMENT BY 1
    NO MINVALUE
    NO MAXVALUE
    CACHE 1
);


--
-- Name: auth_user_id_seq; Type: SEQUENCE; Schema: public; Owner: postgres
--

ALTER TABLE public.auth_user ALTER COLUMN id ADD GENERATED BY DEFAULT AS IDENTITY (
    SEQUENCE NAME public.auth_user_id_seq
    START WITH 1
    INCREMENT BY 1
    NO MINVALUE
    NO MAXVALUE
    CACHE 1
);


--
-- Name: auth_user_user_permissions; Type: TABLE; Schema: public; Owner: postgres
--

CREATE TABLE public.auth_user_user_permissions (
    id bigint NOT NULL,
    user_id integer NOT NULL,
    permission_id integer NOT NULL
);


ALTER TABLE public.auth_user_user_permissions OWNER TO postgres;

--
-- Name: auth_user_user_permissions_id_seq; Type: SEQUENCE; Schema: public; Owner: postgres
--

ALTER TABLE public.auth_user_user_permissions ALTER COLUMN id ADD GENERATED BY DEFAULT AS IDENTITY (
    SEQUENCE NAME public.auth_user_user_permissions_id_seq
    START WITH 1
    INCREMENT BY 1
    NO MINVALUE
    NO MAXVALUE
    CACHE 1
);


--
-- Name: core_capstonepaper; Type: TABLE; Schema: public; Owner: postgres
--

CREATE TABLE public.core_capstonepaper (
    id bigint NOT NULL,
    title character varying(255) NOT NULL,
    abstract text NOT NULL,
    authors character varying(255) NOT NULL,
    file character varying(100) NOT NULL,
    uploaded_at timestamp with time zone NOT NULL,
    uploaded_by_id integer NOT NULL,
    category_id bigint,
    subcategory_id bigint,
    publication_year integer,
    status character varying(10) NOT NULL,
    adviser character varying(255),
    feedback text
);


ALTER TABLE public.core_capstonepaper OWNER TO postgres;

--
-- Name: core_capstonepaper_id_seq; Type: SEQUENCE; Schema: public; Owner: postgres
--

ALTER TABLE public.core_capstonepaper ALTER COLUMN id ADD GENERATED BY DEFAULT AS IDENTITY (
    SEQUENCE NAME public.core_capstonepaper_id_seq
    START WITH 1
    INCREMENT BY 1
    NO MINVALUE
    NO MAXVALUE
    CACHE 1
);


--
-- Name: core_capstonepaper_tags; Type: TABLE; Schema: public; Owner: postgres
--

CREATE TABLE public.core_capstonepaper_tags (
    id bigint NOT NULL,
    capstonepaper_id bigint NOT NULL,
    tag_id bigint NOT NULL
);


ALTER TABLE public.core_capstonepaper_tags OWNER TO postgres;

--
-- Name: core_capstonepaper_tags_id_seq; Type: SEQUENCE; Schema: public; Owner: postgres
--

ALTER TABLE public.core_capstonepaper_tags ALTER COLUMN id ADD GENERATED BY DEFAULT AS IDENTITY (
    SEQUENCE NAME public.core_capstonepaper_tags_id_seq
    START WITH 1
    INCREMENT BY 1
    NO MINVALUE
    NO MAXVALUE
    CACHE 1
);


--
-- Name: core_category; Type: TABLE; Schema: public; Owner: postgres
--

CREATE TABLE public.core_category (
    id bigint NOT NULL,
    name character varying(100) NOT NULL,
    slug character varying(100) NOT NULL
);


ALTER TABLE public.core_category OWNER TO postgres;

--
-- Name: core_category_id_seq; Type: SEQUENCE; Schema: public; Owner: postgres
--

ALTER TABLE public.core_category ALTER COLUMN id ADD GENERATED BY DEFAULT AS IDENTITY (
    SEQUENCE NAME public.core_category_id_seq
    START WITH 1
    INCREMENT BY 1
    NO MINVALUE
    NO MAXVALUE
    CACHE 1
);


--
-- Name: core_paperaccessrequest; Type: TABLE; Schema: public; Owner: postgres
--

CREATE TABLE public.core_paperaccessrequest (
    id bigint NOT NULL,
    reason text NOT NULL,
    address character varying(255) NOT NULL,
    phone character varying(20) NOT NULL,
    status character varying(20) NOT NULL,
    requested_at timestamp with time zone NOT NULL,
    paper_id bigint NOT NULL,
    user_id integer NOT NULL
);


ALTER TABLE public.core_paperaccessrequest OWNER TO postgres;

--
-- Name: core_paperaccessrequest_id_seq; Type: SEQUENCE; Schema: public; Owner: postgres
--

ALTER TABLE public.core_paperaccessrequest ALTER COLUMN id ADD GENERATED BY DEFAULT AS IDENTITY (
    SEQUENCE NAME public.core_paperaccessrequest_id_seq
    START WITH 1
    INCREMENT BY 1
    NO MINVALUE
    NO MAXVALUE
    CACHE 1
);


--
-- Name: core_subcategory; Type: TABLE; Schema: public; Owner: postgres
--

CREATE TABLE public.core_subcategory (
    id bigint NOT NULL,
    name character varying(100) NOT NULL,
    category_id bigint NOT NULL
);


ALTER TABLE public.core_subcategory OWNER TO postgres;

--
-- Name: core_subcategory_id_seq; Type: SEQUENCE; Schema: public; Owner: postgres
--

ALTER TABLE public.core_subcategory ALTER COLUMN id ADD GENERATED BY DEFAULT AS IDENTITY (
    SEQUENCE NAME public.core_subcategory_id_seq
    START WITH 1
    INCREMENT BY 1
    NO MINVALUE
    NO MAXVALUE
    CACHE 1
);


--
-- Name: core_tag; Type: TABLE; Schema: public; Owner: postgres
--

CREATE TABLE public.core_tag (
    id bigint NOT NULL,
    name character varying(50) NOT NULL
);


ALTER TABLE public.core_tag OWNER TO postgres;

--
-- Name: core_tag_id_seq; Type: SEQUENCE; Schema: public; Owner: postgres
--

ALTER TABLE public.core_tag ALTER COLUMN id ADD GENERATED BY DEFAULT AS IDENTITY (
    SEQUENCE NAME public.core_tag_id_seq
    START WITH 1
    INCREMENT BY 1
    NO MINVALUE
    NO MAXVALUE
    CACHE 1
);


--
-- Name: core_userprofile; Type: TABLE; Schema: public; Owner: postgres
--

CREATE TABLE public.core_userprofile (
    id bigint NOT NULL,
    role character varying(20) NOT NULL,
    user_id integer NOT NULL,
    can_upload boolean NOT NULL
);


ALTER TABLE public.core_userprofile OWNER TO postgres;

--
-- Name: core_userprofile_id_seq; Type: SEQUENCE; Schema: public; Owner: postgres
--

ALTER TABLE public.core_userprofile ALTER COLUMN id ADD GENERATED BY DEFAULT AS IDENTITY (
    SEQUENCE NAME public.core_userprofile_id_seq
    START WITH 1
    INCREMENT BY 1
    NO MINVALUE
    NO MAXVALUE
    CACHE 1
);


--
-- Name: django_admin_log; Type: TABLE; Schema: public; Owner: postgres
--

CREATE TABLE public.django_admin_log (
    id integer NOT NULL,
    action_time timestamp with time zone NOT NULL,
    object_id text,
    object_repr character varying(200) NOT NULL,
    action_flag smallint NOT NULL,
    change_message text NOT NULL,
    content_type_id integer,
    user_id integer NOT NULL,
    CONSTRAINT django_admin_log_action_flag_check CHECK ((action_flag >= 0))
);


ALTER TABLE public.django_admin_log OWNER TO postgres;

--
-- Name: django_admin_log_id_seq; Type: SEQUENCE; Schema: public; Owner: postgres
--

ALTER TABLE public.django_admin_log ALTER COLUMN id ADD GENERATED BY DEFAULT AS IDENTITY (
    SEQUENCE NAME public.django_admin_log_id_seq
    START WITH 1
    INCREMENT BY 1
    NO MINVALUE
    NO MAXVALUE
    CACHE 1
);


--
-- Name: django_content_type; Type: TABLE; Schema: public; Owner: postgres
--

CREATE TABLE public.django_content_type (
    id integer NOT NULL,
    app_label character varying(100) NOT NULL,
    model character varying(100) NOT NULL
);


ALTER TABLE public.django_content_type OWNER TO postgres;

--
-- Name: django_content_type_id_seq; Type: SEQUENCE; Schema: public; Owner: postgres
--

ALTER TABLE public.django_content_type ALTER COLUMN id ADD GENERATED BY DEFAULT AS IDENTITY (
    SEQUENCE NAME public.django_content_type_id_seq
    START WITH 1
    INCREMENT BY 1
    NO MINVALUE
    NO MAXVALUE
    CACHE 1
);


--
-- Name: django_migrations; Type: TABLE; Schema: public; Owner: postgres
--

CREATE TABLE public.django_migrations (
    id bigint NOT NULL,
    app character varying(255) NOT NULL,
    name character varying(255) NOT NULL,
    applied timestamp with time zone NOT NULL
);


ALTER TABLE public.django_migrations OWNER TO postgres;

--
-- Name: django_migrations_id_seq; Type: SEQUENCE; Schema: public; Owner: postgres
--

ALTER TABLE public.django_migrations ALTER COLUMN id ADD GENERATED BY DEFAULT AS IDENTITY (
    SEQUENCE NAME public.django_migrations_id_seq
    START WITH 1
    INCREMENT BY 1
    NO MINVALUE
    NO MAXVALUE
    CACHE 1
);


--
-- Name: django_session; Type: TABLE; Schema: public; Owner: postgres
--

CREATE TABLE public.django_session (
    session_key character varying(40) NOT NULL,
    session_data text NOT NULL,
    expire_date timestamp with time zone NOT NULL
);


ALTER TABLE public.django_session OWNER TO postgres;

--
-- Data for Name: auth_group; Type: TABLE DATA; Schema: public; Owner: postgres
--

COPY public.auth_group (id, name) FROM stdin;
\.


--
-- Data for Name: auth_group_permissions; Type: TABLE DATA; Schema: public; Owner: postgres
--

COPY public.auth_group_permissions (id, group_id, permission_id) FROM stdin;
\.


--
-- Data for Name: auth_permission; Type: TABLE DATA; Schema: public; Owner: postgres
--

COPY public.auth_permission (id, name, content_type_id, codename) FROM stdin;
1	Can add log entry	1	add_logentry
2	Can change log entry	1	change_logentry
3	Can delete log entry	1	delete_logentry
4	Can view log entry	1	view_logentry
5	Can add permission	2	add_permission
6	Can change permission	2	change_permission
7	Can delete permission	2	delete_permission
8	Can view permission	2	view_permission
9	Can add group	3	add_group
10	Can change group	3	change_group
11	Can delete group	3	delete_group
12	Can view group	3	view_group
13	Can add user	4	add_user
14	Can change user	4	change_user
15	Can delete user	4	delete_user
16	Can view user	4	view_user
17	Can add content type	5	add_contenttype
18	Can change content type	5	change_contenttype
19	Can delete content type	5	delete_contenttype
20	Can view content type	5	view_contenttype
21	Can add session	6	add_session
22	Can change session	6	change_session
23	Can delete session	6	delete_session
24	Can view session	6	view_session
25	Can add capstone paper	7	add_capstonepaper
26	Can change capstone paper	7	change_capstonepaper
27	Can delete capstone paper	7	delete_capstonepaper
28	Can view capstone paper	7	view_capstonepaper
29	Can add user profile	8	add_userprofile
30	Can change user profile	8	change_userprofile
31	Can delete user profile	8	delete_userprofile
32	Can view user profile	8	view_userprofile
33	Can add sub category	9	add_subcategory
34	Can change sub category	9	change_subcategory
35	Can delete sub category	9	delete_subcategory
36	Can view sub category	9	view_subcategory
37	Can add category	10	add_category
38	Can change category	10	change_category
39	Can delete category	10	delete_category
40	Can view category	10	view_category
41	Can add tag	11	add_tag
42	Can change tag	11	change_tag
43	Can delete tag	11	delete_tag
44	Can view tag	11	view_tag
45	Can add paper access request	12	add_paperaccessrequest
46	Can change paper access request	12	change_paperaccessrequest
47	Can delete paper access request	12	delete_paperaccessrequest
48	Can view paper access request	12	view_paperaccessrequest
\.


--
-- Data for Name: auth_user; Type: TABLE DATA; Schema: public; Owner: postgres
--

COPY public.auth_user (id, password, last_login, is_superuser, username, first_name, last_name, email, is_staff, is_active, date_joined) FROM stdin;
1	pbkdf2_sha256$1000000$EmzmN6gz0SKvYL3CHTqFOR$1FYRgbsRQu8cAQuGU1sBVcWU+9YZtIZZcDG9y7m+9r4=	2025-08-08 21:05:34.479184+08	t	developer_jp			pachojophi189@gmail.com	t	t	2025-07-18 22:38:16.790318+08
3	pbkdf2_sha256$1000000$LKsS6fUcxr1IXLU93hf0c2$K15PAoiEAsXnfeZneZePPaV4DfrqaWKSVGxLQkLaPiM=	2025-08-08 21:09:27.32874+08	f	alpha_bravo	Alpha	Bravo	alpha.bravo@evsu.edu.ph	f	t	2025-07-30 15:04:11+08
4	pbkdf2_sha256$1000000$vFsGwCfirkxboao4bggSta$/Doipq3jcpL0rn50y+HAzeAXXW8fiXaJS9VmewSy0Tg=	2025-08-08 21:09:45.979054+08	f	john_kennedy			johnkennedy@gmail.com	f	t	2025-07-30 15:12:52+08
2	pbkdf2_sha256$1000000$q5JWz1DXsweSGPCldLqjpM$fRB8OLmoDZjv7f3OGeAa2yZAm+AqGIwXwBq3sqeGX9M=	2025-08-09 22:34:40.596339+08	f	adviser_faculty			adviser.faculty@evsu.edu.ph	f	t	2025-07-30 10:30:05+08
5	pbkdf2_sha256$1000000$UXknLpA3va3OhFPRsAixnN$cHp1ezWJxHVbeYxhDoq6XOu+ODgMGGR2A5nL1XvkLco=	2025-08-09 22:35:05.276546+08	f		Kenny	Donald	kenny.donald@evsu.edu.ph	f	t	2025-08-07 12:19:52.050569+08
\.


--
-- Data for Name: auth_user_groups; Type: TABLE DATA; Schema: public; Owner: postgres
--

COPY public.auth_user_groups (id, user_id, group_id) FROM stdin;
\.


--
-- Data for Name: auth_user_user_permissions; Type: TABLE DATA; Schema: public; Owner: postgres
--

COPY public.auth_user_user_permissions (id, user_id, permission_id) FROM stdin;
\.


--
-- Data for Name: core_capstonepaper; Type: TABLE DATA; Schema: public; Owner: postgres
--

COPY public.core_capstonepaper (id, title, abstract, authors, file, uploaded_at, uploaded_by_id, category_id, subcategory_id, publication_year, status, adviser, feedback) FROM stdin;
36	Document  Tracking System Using QR Code Technology With Digitization	The Document Tracking System (DTS) for the College of Engineering (COE) at Eastern Visayas \r\nState College (EVSU) is created to modernize and optimize the institution's document administration \r\nhandle. As of now, the manual system utilized by EVSU is moderate, wasteful, and inclined to human \r\nblunders, driving to visit delays in archive recovery, fumble, and limited availability. The essential \r\nobjective of the DTS is to address these challenges by executing a computerized arrangement that \r\ncoordinating Quick Response (QR) code innovation, empowering the secure following, \r\ncategorization, and real-time checking of archives. The system comprises of two major components: \r\na web-based application and a QR code scanner application. The net application is built utilizing \r\nHTML, CSS, Bootstrap for the frontend, whereas PHP and MySQL oversee the server-side \r\noperations and database functionalities. The versatile application, planned utilizing Android Studio, \r\npermits clients to filter QR codes for moment get to report status, guaranteeing ease of utilize and \r\non-the-go archive administration. The QR code innovation serves as a special identifier for each \r\ndocument, encouraging quick retrieval and following all through the complete report lifecycle, from \r\naccommodation to endorsement or dismissal. The implementation of this system will bring several \r\nbenefits to the university. Administrators and staff will have access to a centralized system where \r\ndocument workflows can be easily monitored and managed, reducing paper-based errors and \r\nimproving overall productivity. Additionally, the General Data (GD) function plays a critical role in the \r\nix \r\ndigitization of physical documents, enhancing the system’s ability to convert paper-based records \r\ninto digital formats. This functionality allows for more efficient data handling, classification, and \r\nstorage, contributing to the system's overall efficiency. The system also enhances document security \r\nby limiting unauthorized access, securing sensitive information, and reducing the risk of document \r\nloss or damage due to environmental factors. Additionally, it provides a sustainable solution by \r\nreducing paper usage and the physical storage space required for archiving documents. In \r\nconclusion, the DTS offers a robust, scalable, and secure solution tailored to the unique requirements \r\nof EVSU's College of Engineering. The system is expected to modernized document management \r\nprocesses, reduce operational costs, and ultimately provide a more efficient, accessible, and \r\ntransparent workflow for all users involved. The project underscores the importance of digital \r\ntransformation in academic institutions, providing a model that can be adopted and expanded to \r\nother departments within EVSU and beyond.	Gacoscosim, Zion James P.; Caperiña, Paulo S.; and Delos Santos, Jenny Rose A.	capstone_pdfs/DOCUMENT-TRACKING-SYSTEM-USING-QR-CODE-TECHNOLOGY-WITH-DIGITIZATION-1_JGkJWm0.pdf	2025-08-05 23:11:12.881245+08	3	20	22	2024	approved	Jude Urmeneta	
41	Virtual Assistant with Speech  Recognition with Semiotic Inspection Method Using Mobile App	In today’s fast-evolving digital landscape, the need for efficient and accessible administrative \r\nprocesses, particularly in the education sector, has become increasingly critical. This study \r\nintroduces a Virtual Assistant with Speech Recognition utilizing a Semiotic Inspection Method via a \r\nMobile Application, a pioneering smart mobile assistant designed to transform how the registrar's \r\noffice at Tacloban City Adventist Elementary School manages inquiries. This innovation addresses \r\nthe current lack of an online system for handling administrative queries, tackling challenges such as \r\nmanual processing, increased workloads, limited service availability, and communication barriers \r\nwith parents and guardians. \r\nTo resolve these issues, the proposed virtual assistant was developed, providing 24/7 accessibility \r\nand significantly enhancing operational efficiency. The system leverages speech recognition \r\ntechnology combined with a semiotic inspection method to process and respond to user inquiries \r\neffectively. A search and matching algorithm that identifies keywords and phrases relevant to user \r\nqueries, offering real-time responses through voice or text input. By integrating a predefined \r\ndatabase, the virtual assistant ensures accurate and timely assistance. \r\nThe system was developed using the Agile methodology, focusing on iterative improvements to \r\naddress user needs and minimize errors. Key features include robust keyword matching, real-time \r\nix \r\ninteraction, and automated processing, all aimed at reducing administrative burdens and improving \r\nuser satisfaction. \r\nEvaluation of the system was conducted based on ISO 25010 standards, yielding remarkable results: \r\nfunctional suitability scored 4.25, performance efficiency achieved 4.31, and usability was rated at \r\n4.36. These outcomes underscore the system’s exceptional reliability and effectiveness. \r\nThis study highlights the virtual assistant’s potential to revolutionize administrative operations in \r\neducational institutions globally, offering scalability, enhanced communication between schools and \r\nfamilies, and a streamlined approach to handling inquiries, ultimately fostering a more connected \r\nand efficient educational ecosystem.	Amado, Arlene; Holanda, Jason Joseph; and Lianza, Ritze	capstone_pdfs/Manuscript_MyFNBM2.pdf	2025-08-09 22:34:07.439025+08	5	20	26	2024	approved	Rustom D. Clemente	\N
\.


--
-- Data for Name: core_capstonepaper_tags; Type: TABLE DATA; Schema: public; Owner: postgres
--

COPY public.core_capstonepaper_tags (id, capstonepaper_id, tag_id) FROM stdin;
49	36	31
50	36	32
51	36	33
64	41	37
65	41	38
66	41	39
\.


--
-- Data for Name: core_category; Type: TABLE DATA; Schema: public; Owner: postgres
--

COPY public.core_category (id, name, slug) FROM stdin;
20	Web Systems	web-systems
\.


--
-- Data for Name: core_paperaccessrequest; Type: TABLE DATA; Schema: public; Owner: postgres
--

COPY public.core_paperaccessrequest (id, reason, address, phone, status, requested_at, paper_id, user_id) FROM stdin;
\.


--
-- Data for Name: core_subcategory; Type: TABLE DATA; Schema: public; Owner: postgres
--

COPY public.core_subcategory (id, name, category_id) FROM stdin;
22	InfoSec	20
26	Chatbots	20
\.


--
-- Data for Name: core_tag; Type: TABLE DATA; Schema: public; Owner: postgres
--

COPY public.core_tag (id, name) FROM stdin;
31	InfoSec
32	Cybersecurity
33	DataProtection
34	BigData
35	DataAnalytics
36	DataScience
37	Chatbots
38	ConversationalAI
39	AIassistants
\.


--
-- Data for Name: core_userprofile; Type: TABLE DATA; Schema: public; Owner: postgres
--

COPY public.core_userprofile (id, role, user_id, can_upload) FROM stdin;
1	admin	1	f
2	adviser	2	f
4	non_verified	4	f
3	verified	3	t
5	verified	5	t
\.


--
-- Data for Name: django_admin_log; Type: TABLE DATA; Schema: public; Owner: postgres
--

COPY public.django_admin_log (id, action_time, object_id, object_repr, action_flag, change_message, content_type_id, user_id) FROM stdin;
1	2025-07-30 10:30:06.105292+08	2	lyra_neuvas	1	[{"added": {}}]	4	1
2	2025-07-30 10:30:56.384575+08	2	lyra_neuvas	2	[]	4	1
3	2025-07-30 12:46:22.00463+08	2	lyra_neuvas	2	[{"changed": {"fields": ["Email address"]}}]	4	1
4	2025-07-30 12:46:34.82345+08	2	lyra_neuvas - adviser	1	[{"added": {}}]	8	1
5	2025-07-30 12:56:33.559286+08	2	lyra_neuvas	2	[{"changed": {"fields": ["password"]}}]	4	1
6	2025-07-30 15:04:12.46821+08	3	alpha_bravo	1	[{"added": {}}]	4	1
7	2025-07-30 15:07:36.712515+08	3	alpha_bravo	2	[{"changed": {"fields": ["Email address"]}}]	4	1
8	2025-07-30 15:08:10.326384+08	2	lyra_neuvas	2	[{"changed": {"fields": ["password"]}}]	4	1
9	2025-07-30 15:09:08.341765+08	2	adviser_faculty	2	[{"changed": {"fields": ["Username", "Email address"]}}]	4	1
10	2025-07-30 15:12:53.392953+08	4	john_kennedy	1	[{"added": {}}]	4	1
11	2025-07-30 15:13:26.590095+08	4	john_kennedy	2	[{"changed": {"fields": ["Email address"]}}]	4	1
12	2025-07-30 15:13:40.250083+08	3	alpha_bravo - non_verified	1	[{"added": {}}]	8	1
13	2025-07-30 15:14:26.150905+08	3	alpha_bravo - verified	2	[{"changed": {"fields": ["Role"]}}]	8	1
14	2025-07-30 15:14:36.559081+08	4	john_kennedy - non_verified	1	[{"added": {}}]	8	1
15	2025-07-30 18:11:20.838701+08	4	john_kennedy	2	[{"changed": {"fields": ["password"]}}]	4	1
16	2025-08-05 17:11:32.614602+08	33	EVSU IESMS:  Integrated Extension Services Management System	3		7	1
17	2025-08-05 17:11:32.61587+08	30	EVSU IESMS:  Integrated Extension Services Management System	3		7	1
18	2025-08-05 17:11:49.167479+08	18	Web Systems	3		10	1
19	2025-08-05 17:12:00.801997+08	27	Web	3		11	1
20	2025-08-05 22:20:08.293358+08	34	EVSU IESMS:  Integrated Extension Services Management System	3		7	1
21	2025-08-05 23:03:00.998194+08	35	Document  Tracking System Using QR Code Technology With Digitization	3		7	1
22	2025-08-05 23:03:07.118171+08	19	Web Systems	3		10	1
23	2025-08-05 23:03:15.338131+08	30	DataProtection	3		11	1
24	2025-08-05 23:03:15.339213+08	29	Cybersecurity	3		11	1
25	2025-08-05 23:03:15.339213+08	28	InfoSec	3		11	1
26	2025-08-08 21:05:51.604238+08	3	alpha_bravo	2	[{"changed": {"fields": ["First name", "Last name"]}}]	4	1
\.


--
-- Data for Name: django_content_type; Type: TABLE DATA; Schema: public; Owner: postgres
--

COPY public.django_content_type (id, app_label, model) FROM stdin;
1	admin	logentry
2	auth	permission
3	auth	group
4	auth	user
5	contenttypes	contenttype
6	sessions	session
7	core	capstonepaper
8	core	userprofile
9	core	subcategory
10	core	category
11	core	tag
12	core	paperaccessrequest
\.


--
-- Data for Name: django_migrations; Type: TABLE DATA; Schema: public; Owner: postgres
--

COPY public.django_migrations (id, app, name, applied) FROM stdin;
1	contenttypes	0001_initial	2025-07-18 15:39:44.611173+08
2	auth	0001_initial	2025-07-18 15:39:44.760554+08
3	admin	0001_initial	2025-07-18 15:39:44.81502+08
4	admin	0002_logentry_remove_auto_add	2025-07-18 15:39:44.856947+08
5	admin	0003_logentry_add_action_flag_choices	2025-07-18 15:39:44.873374+08
6	contenttypes	0002_remove_content_type_name	2025-07-18 15:39:44.912434+08
7	auth	0002_alter_permission_name_max_length	2025-07-18 15:39:44.930557+08
8	auth	0003_alter_user_email_max_length	2025-07-18 15:39:44.943503+08
9	auth	0004_alter_user_username_opts	2025-07-18 15:39:44.956845+08
10	auth	0005_alter_user_last_login_null	2025-07-18 15:39:44.97681+08
11	auth	0006_require_contenttypes_0002	2025-07-18 15:39:44.979322+08
12	auth	0007_alter_validators_add_error_messages	2025-07-18 15:39:44.995677+08
13	auth	0008_alter_user_username_max_length	2025-07-18 15:39:45.020598+08
14	auth	0009_alter_user_last_name_max_length	2025-07-18 15:39:45.040007+08
15	auth	0010_alter_group_name_max_length	2025-07-18 15:39:45.057454+08
16	auth	0011_update_proxy_permissions	2025-07-18 15:39:45.070985+08
17	auth	0012_alter_user_first_name_max_length	2025-07-18 15:39:45.084605+08
18	core	0001_initial	2025-07-18 15:39:45.146686+08
19	sessions	0001_initial	2025-07-18 15:39:45.162064+08
20	core	0002_category_tag_capstonepaper_category_subcategory_and_more	2025-07-20 22:29:01.986664+08
21	core	0003_capstonepaper_publication_year	2025-07-26 11:16:37.002948+08
22	core	0004_userprofile_can_upload_alter_userprofile_role	2025-07-28 21:08:52.611963+08
23	core	0005_capstonepaper_status	2025-07-29 21:56:54.646554+08
24	core	0006_capstonepaper_adviser	2025-07-30 10:00:41.420282+08
25	core	0007_alter_capstonepaper_adviser	2025-07-30 10:40:26.374879+08
27	core	0008_paperaccessrequest	2025-07-30 17:29:46.391658+08
28	core	0009_capstonepaper_feedback	2025-07-30 21:17:01.876076+08
29	core	0010_alter_capstonepaper_feedback	2025-07-30 22:32:59.362723+08
30	core	0011_auto_20250804_1607	2025-08-04 16:22:59.626871+08
31	core	0012_alter_capstonepaper_status	2025-08-04 16:22:59.682809+08
32	core	0013_category_slug	2025-08-05 22:04:07.720957+08
\.


--
-- Data for Name: django_session; Type: TABLE DATA; Schema: public; Owner: postgres
--

COPY public.django_session (session_key, session_data, expire_date) FROM stdin;
vk7ofzx81ln40f9qseprurxa1pavj6ta	.eJxVi0sKwzAMBe-idQmOFUdydy30HMayBQ79QZysSu8eB7Jol2_ezAdCXJcS1qpzmDKcAeH0yySmu772I71n7Y5Zu9szTo9L066H8FeVWEtLvIjxGUnsqGSVVJ3LZmCUNLLthVnYkERyFj3ZBsVgn3lAr8kTw3cDKF8y8A:1ujJLQ:fYNnFfiER6ad5ZSwBTPIpYYxPlUWzboemN5bM4J8pUU	2025-08-19 23:12:52.541903+08
udqv7n00wh4yqzlkquuq1zen1gt3dy42	.eJxVi0sOwjAMBe_iNapC0jQOO5A4R-Q4tlLxkxq6Qr17i9QFLN-8mQ8kmt81zU2mNBY4gYXDL8vEN3l-D35N0u2zddcHjffzpl124a-q1OqWmIGzZyO9j0gYbe4RnSK5YsWIopIPmdU7FyQK2lhIjhwcmqIDeoRlBTv0M-g:1uj8dt:eFvCeMXjMb9l4V1mHPRDa1WRDp7a_NQgy9OdO6FOCAw	2025-08-19 11:47:13.146734+08
bpq23jzx62e5xcj2qn8220lb75nykvwf	.eJxVi0sOwjAMBe-SNariJG1cdlTiHJFjx0rFT2roCnF3itQFLN-8mZdJtD5rWltZ0izmaHpz-GWZ-FLu34MfS-n22brzjebradOmXfirKrW6JU5QQUcbPKsAqdOIPrjgLA1upCGrR-yjFQaUCIE9ggPIVkbyXNS8Pyl3M1s:1ujs9P:4jLpwc81pFzhcw90pZPJorUO4QctmG0-wBGfjYmaKJc	2025-08-21 12:22:47.37094+08
m8g0ba86y90nzvk5mxceo18v3aq3h2bc	.eJxVjDsOwyAQRO9CHSF-xpAyvc-AFnYJTiKQjF1FuXtsyUVSTDPvzbxZgG0tYeu0hBnZlUl2-e0ipCfVA-AD6r3x1Oq6zJEfCj9p51NDet1O9--gQC_7WhslCYc9ozLaCe-UHlDEnLVM1soMRlDOAC4ZpUaKGDV6dGSM8N569vkC11c31w:1uh83Q:WCmxT9N3VAVkPf_kNjmcV12BzXnc1OGja6A8rv8I_nc	2025-08-13 22:45:16.335947+08
ipgjv3dsss8m0y6o1f5fkydycprmarzx	.eJxVi0sKwzAMBe-idQmOFUdydy30HMayBQ79QZysSu8eB7Jol2_ezAdCXJcS1qpzmDKcAeH0yySmu772I71n7Y5Zu9szTo9L066H8FeVWEtLvIjxGUnsqGSVVJ3LZmCUNLLthVnYkERyFj3ZBsVgn3lAr8kTw3cDKF8y8A:1ukEv8:geJo4pNeb3UTnBFugBhNrGjK2Zwh7d3p3prXqtMJQk4	2025-08-22 12:41:34.44426+08
nczgmkfhj613eeqk3dvgp8zlhpya5pz6	.eJxVi0sOwjAMBe-SNariJG1cdlTiHJFjx0rFT2roCnF3itQFLN-8mZdJtD5rWltZ0izmaHpz-GWZ-FLu34MfS-n22brzjebradOmXfirKrW6JU5QQUcbPKsAqdOIPrjgLA1upCGrR-yjFQaUCIE9ggPIVkbyXNS8Pyl3M1s:1ukkf3:M13evODhfshIQhpkpxGUd4aAk5kZbvS7VHqzoxD8LOU	2025-08-23 22:35:05.288339+08
\.


--
-- Name: auth_group_id_seq; Type: SEQUENCE SET; Schema: public; Owner: postgres
--

SELECT pg_catalog.setval('public.auth_group_id_seq', 1, false);


--
-- Name: auth_group_permissions_id_seq; Type: SEQUENCE SET; Schema: public; Owner: postgres
--

SELECT pg_catalog.setval('public.auth_group_permissions_id_seq', 1, false);


--
-- Name: auth_permission_id_seq; Type: SEQUENCE SET; Schema: public; Owner: postgres
--

SELECT pg_catalog.setval('public.auth_permission_id_seq', 48, true);


--
-- Name: auth_user_groups_id_seq; Type: SEQUENCE SET; Schema: public; Owner: postgres
--

SELECT pg_catalog.setval('public.auth_user_groups_id_seq', 1, false);


--
-- Name: auth_user_id_seq; Type: SEQUENCE SET; Schema: public; Owner: postgres
--

SELECT pg_catalog.setval('public.auth_user_id_seq', 5, true);


--
-- Name: auth_user_user_permissions_id_seq; Type: SEQUENCE SET; Schema: public; Owner: postgres
--

SELECT pg_catalog.setval('public.auth_user_user_permissions_id_seq', 1, false);


--
-- Name: core_capstonepaper_id_seq; Type: SEQUENCE SET; Schema: public; Owner: postgres
--

SELECT pg_catalog.setval('public.core_capstonepaper_id_seq', 41, true);


--
-- Name: core_capstonepaper_tags_id_seq; Type: SEQUENCE SET; Schema: public; Owner: postgres
--

SELECT pg_catalog.setval('public.core_capstonepaper_tags_id_seq', 66, true);


--
-- Name: core_category_id_seq; Type: SEQUENCE SET; Schema: public; Owner: postgres
--

SELECT pg_catalog.setval('public.core_category_id_seq', 22, true);


--
-- Name: core_paperaccessrequest_id_seq; Type: SEQUENCE SET; Schema: public; Owner: postgres
--

SELECT pg_catalog.setval('public.core_paperaccessrequest_id_seq', 3, true);


--
-- Name: core_subcategory_id_seq; Type: SEQUENCE SET; Schema: public; Owner: postgres
--

SELECT pg_catalog.setval('public.core_subcategory_id_seq', 26, true);


--
-- Name: core_tag_id_seq; Type: SEQUENCE SET; Schema: public; Owner: postgres
--

SELECT pg_catalog.setval('public.core_tag_id_seq', 39, true);


--
-- Name: core_userprofile_id_seq; Type: SEQUENCE SET; Schema: public; Owner: postgres
--

SELECT pg_catalog.setval('public.core_userprofile_id_seq', 5, true);


--
-- Name: django_admin_log_id_seq; Type: SEQUENCE SET; Schema: public; Owner: postgres
--

SELECT pg_catalog.setval('public.django_admin_log_id_seq', 26, true);


--
-- Name: django_content_type_id_seq; Type: SEQUENCE SET; Schema: public; Owner: postgres
--

SELECT pg_catalog.setval('public.django_content_type_id_seq', 12, true);


--
-- Name: django_migrations_id_seq; Type: SEQUENCE SET; Schema: public; Owner: postgres
--

SELECT pg_catalog.setval('public.django_migrations_id_seq', 32, true);


--
-- Name: auth_group auth_group_name_key; Type: CONSTRAINT; Schema: public; Owner: postgres
--

ALTER TABLE ONLY public.auth_group
    ADD CONSTRAINT auth_group_name_key UNIQUE (name);


--
-- Name: auth_group_permissions auth_group_permissions_group_id_permission_id_0cd325b0_uniq; Type: CONSTRAINT; Schema: public; Owner: postgres
--

ALTER TABLE ONLY public.auth_group_permissions
    ADD CONSTRAINT auth_group_permissions_group_id_permission_id_0cd325b0_uniq UNIQUE (group_id, permission_id);


--
-- Name: auth_group_permissions auth_group_permissions_pkey; Type: CONSTRAINT; Schema: public; Owner: postgres
--

ALTER TABLE ONLY public.auth_group_permissions
    ADD CONSTRAINT auth_group_permissions_pkey PRIMARY KEY (id);


--
-- Name: auth_group auth_group_pkey; Type: CONSTRAINT; Schema: public; Owner: postgres
--

ALTER TABLE ONLY public.auth_group
    ADD CONSTRAINT auth_group_pkey PRIMARY KEY (id);


--
-- Name: auth_permission auth_permission_content_type_id_codename_01ab375a_uniq; Type: CONSTRAINT; Schema: public; Owner: postgres
--

ALTER TABLE ONLY public.auth_permission
    ADD CONSTRAINT auth_permission_content_type_id_codename_01ab375a_uniq UNIQUE (content_type_id, codename);


--
-- Name: auth_permission auth_permission_pkey; Type: CONSTRAINT; Schema: public; Owner: postgres
--

ALTER TABLE ONLY public.auth_permission
    ADD CONSTRAINT auth_permission_pkey PRIMARY KEY (id);


--
-- Name: auth_user_groups auth_user_groups_pkey; Type: CONSTRAINT; Schema: public; Owner: postgres
--

ALTER TABLE ONLY public.auth_user_groups
    ADD CONSTRAINT auth_user_groups_pkey PRIMARY KEY (id);


--
-- Name: auth_user_groups auth_user_groups_user_id_group_id_94350c0c_uniq; Type: CONSTRAINT; Schema: public; Owner: postgres
--

ALTER TABLE ONLY public.auth_user_groups
    ADD CONSTRAINT auth_user_groups_user_id_group_id_94350c0c_uniq UNIQUE (user_id, group_id);


--
-- Name: auth_user auth_user_pkey; Type: CONSTRAINT; Schema: public; Owner: postgres
--

ALTER TABLE ONLY public.auth_user
    ADD CONSTRAINT auth_user_pkey PRIMARY KEY (id);


--
-- Name: auth_user_user_permissions auth_user_user_permissions_pkey; Type: CONSTRAINT; Schema: public; Owner: postgres
--

ALTER TABLE ONLY public.auth_user_user_permissions
    ADD CONSTRAINT auth_user_user_permissions_pkey PRIMARY KEY (id);


--
-- Name: auth_user_user_permissions auth_user_user_permissions_user_id_permission_id_14a6b632_uniq; Type: CONSTRAINT; Schema: public; Owner: postgres
--

ALTER TABLE ONLY public.auth_user_user_permissions
    ADD CONSTRAINT auth_user_user_permissions_user_id_permission_id_14a6b632_uniq UNIQUE (user_id, permission_id);


--
-- Name: auth_user auth_user_username_key; Type: CONSTRAINT; Schema: public; Owner: postgres
--

ALTER TABLE ONLY public.auth_user
    ADD CONSTRAINT auth_user_username_key UNIQUE (username);


--
-- Name: core_capstonepaper core_capstonepaper_pkey; Type: CONSTRAINT; Schema: public; Owner: postgres
--

ALTER TABLE ONLY public.core_capstonepaper
    ADD CONSTRAINT core_capstonepaper_pkey PRIMARY KEY (id);


--
-- Name: core_capstonepaper_tags core_capstonepaper_tags_capstonepaper_id_tag_id_ca197e54_uniq; Type: CONSTRAINT; Schema: public; Owner: postgres
--

ALTER TABLE ONLY public.core_capstonepaper_tags
    ADD CONSTRAINT core_capstonepaper_tags_capstonepaper_id_tag_id_ca197e54_uniq UNIQUE (capstonepaper_id, tag_id);


--
-- Name: core_capstonepaper_tags core_capstonepaper_tags_pkey; Type: CONSTRAINT; Schema: public; Owner: postgres
--

ALTER TABLE ONLY public.core_capstonepaper_tags
    ADD CONSTRAINT core_capstonepaper_tags_pkey PRIMARY KEY (id);


--
-- Name: core_category core_category_name_key; Type: CONSTRAINT; Schema: public; Owner: postgres
--

ALTER TABLE ONLY public.core_category
    ADD CONSTRAINT core_category_name_key UNIQUE (name);


--
-- Name: core_category core_category_pkey; Type: CONSTRAINT; Schema: public; Owner: postgres
--

ALTER TABLE ONLY public.core_category
    ADD CONSTRAINT core_category_pkey PRIMARY KEY (id);


--
-- Name: core_category core_category_slug_key; Type: CONSTRAINT; Schema: public; Owner: postgres
--

ALTER TABLE ONLY public.core_category
    ADD CONSTRAINT core_category_slug_key UNIQUE (slug);


--
-- Name: core_paperaccessrequest core_paperaccessrequest_pkey; Type: CONSTRAINT; Schema: public; Owner: postgres
--

ALTER TABLE ONLY public.core_paperaccessrequest
    ADD CONSTRAINT core_paperaccessrequest_pkey PRIMARY KEY (id);


--
-- Name: core_subcategory core_subcategory_category_id_name_ddf0b4a2_uniq; Type: CONSTRAINT; Schema: public; Owner: postgres
--

ALTER TABLE ONLY public.core_subcategory
    ADD CONSTRAINT core_subcategory_category_id_name_ddf0b4a2_uniq UNIQUE (category_id, name);


--
-- Name: core_subcategory core_subcategory_pkey; Type: CONSTRAINT; Schema: public; Owner: postgres
--

ALTER TABLE ONLY public.core_subcategory
    ADD CONSTRAINT core_subcategory_pkey PRIMARY KEY (id);


--
-- Name: core_tag core_tag_name_key; Type: CONSTRAINT; Schema: public; Owner: postgres
--

ALTER TABLE ONLY public.core_tag
    ADD CONSTRAINT core_tag_name_key UNIQUE (name);


--
-- Name: core_tag core_tag_pkey; Type: CONSTRAINT; Schema: public; Owner: postgres
--

ALTER TABLE ONLY public.core_tag
    ADD CONSTRAINT core_tag_pkey PRIMARY KEY (id);


--
-- Name: core_userprofile core_userprofile_pkey; Type: CONSTRAINT; Schema: public; Owner: postgres
--

ALTER TABLE ONLY public.core_userprofile
    ADD CONSTRAINT core_userprofile_pkey PRIMARY KEY (id);


--
-- Name: core_userprofile core_userprofile_user_id_key; Type: CONSTRAINT; Schema: public; Owner: postgres
--

ALTER TABLE ONLY public.core_userprofile
    ADD CONSTRAINT core_userprofile_user_id_key UNIQUE (user_id);


--
-- Name: django_admin_log django_admin_log_pkey; Type: CONSTRAINT; Schema: public; Owner: postgres
--

ALTER TABLE ONLY public.django_admin_log
    ADD CONSTRAINT django_admin_log_pkey PRIMARY KEY (id);


--
-- Name: django_content_type django_content_type_app_label_model_76bd3d3b_uniq; Type: CONSTRAINT; Schema: public; Owner: postgres
--

ALTER TABLE ONLY public.django_content_type
    ADD CONSTRAINT django_content_type_app_label_model_76bd3d3b_uniq UNIQUE (app_label, model);


--
-- Name: django_content_type django_content_type_pkey; Type: CONSTRAINT; Schema: public; Owner: postgres
--

ALTER TABLE ONLY public.django_content_type
    ADD CONSTRAINT django_content_type_pkey PRIMARY KEY (id);


--
-- Name: django_migrations django_migrations_pkey; Type: CONSTRAINT; Schema: public; Owner: postgres
--

ALTER TABLE ONLY public.django_migrations
    ADD CONSTRAINT django_migrations_pkey PRIMARY KEY (id);


--
-- Name: django_session django_session_pkey; Type: CONSTRAINT; Schema: public; Owner: postgres
--

ALTER TABLE ONLY public.django_session
    ADD CONSTRAINT django_session_pkey PRIMARY KEY (session_key);


--
-- Name: auth_group_name_a6ea08ec_like; Type: INDEX; Schema: public; Owner: postgres
--

CREATE INDEX auth_group_name_a6ea08ec_like ON public.auth_group USING btree (name varchar_pattern_ops);


--
-- Name: auth_group_permissions_group_id_b120cbf9; Type: INDEX; Schema: public; Owner: postgres
--

CREATE INDEX auth_group_permissions_group_id_b120cbf9 ON public.auth_group_permissions USING btree (group_id);


--
-- Name: auth_group_permissions_permission_id_84c5c92e; Type: INDEX; Schema: public; Owner: postgres
--

CREATE INDEX auth_group_permissions_permission_id_84c5c92e ON public.auth_group_permissions USING btree (permission_id);


--
-- Name: auth_permission_content_type_id_2f476e4b; Type: INDEX; Schema: public; Owner: postgres
--

CREATE INDEX auth_permission_content_type_id_2f476e4b ON public.auth_permission USING btree (content_type_id);


--
-- Name: auth_user_groups_group_id_97559544; Type: INDEX; Schema: public; Owner: postgres
--

CREATE INDEX auth_user_groups_group_id_97559544 ON public.auth_user_groups USING btree (group_id);


--
-- Name: auth_user_groups_user_id_6a12ed8b; Type: INDEX; Schema: public; Owner: postgres
--

CREATE INDEX auth_user_groups_user_id_6a12ed8b ON public.auth_user_groups USING btree (user_id);


--
-- Name: auth_user_user_permissions_permission_id_1fbb5f2c; Type: INDEX; Schema: public; Owner: postgres
--

CREATE INDEX auth_user_user_permissions_permission_id_1fbb5f2c ON public.auth_user_user_permissions USING btree (permission_id);


--
-- Name: auth_user_user_permissions_user_id_a95ead1b; Type: INDEX; Schema: public; Owner: postgres
--

CREATE INDEX auth_user_user_permissions_user_id_a95ead1b ON public.auth_user_user_permissions USING btree (user_id);


--
-- Name: auth_user_username_6821ab7c_like; Type: INDEX; Schema: public; Owner: postgres
--

CREATE INDEX auth_user_username_6821ab7c_like ON public.auth_user USING btree (username varchar_pattern_ops);


--
-- Name: core_capstonepaper_category_id_969f8e2b; Type: INDEX; Schema: public; Owner: postgres
--

CREATE INDEX core_capstonepaper_category_id_969f8e2b ON public.core_capstonepaper USING btree (category_id);


--
-- Name: core_capstonepaper_subcategory_id_24285cd5; Type: INDEX; Schema: public; Owner: postgres
--

CREATE INDEX core_capstonepaper_subcategory_id_24285cd5 ON public.core_capstonepaper USING btree (subcategory_id);


--
-- Name: core_capstonepaper_tags_capstonepaper_id_66dc2e10; Type: INDEX; Schema: public; Owner: postgres
--

CREATE INDEX core_capstonepaper_tags_capstonepaper_id_66dc2e10 ON public.core_capstonepaper_tags USING btree (capstonepaper_id);


--
-- Name: core_capstonepaper_tags_tag_id_f43ea909; Type: INDEX; Schema: public; Owner: postgres
--

CREATE INDEX core_capstonepaper_tags_tag_id_f43ea909 ON public.core_capstonepaper_tags USING btree (tag_id);


--
-- Name: core_capstonepaper_uploaded_by_id_4206f6be; Type: INDEX; Schema: public; Owner: postgres
--

CREATE INDEX core_capstonepaper_uploaded_by_id_4206f6be ON public.core_capstonepaper USING btree (uploaded_by_id);


--
-- Name: core_category_name_55b68161_like; Type: INDEX; Schema: public; Owner: postgres
--

CREATE INDEX core_category_name_55b68161_like ON public.core_category USING btree (name varchar_pattern_ops);


--
-- Name: core_category_slug_384eca9c_like; Type: INDEX; Schema: public; Owner: postgres
--

CREATE INDEX core_category_slug_384eca9c_like ON public.core_category USING btree (slug varchar_pattern_ops);


--
-- Name: core_paperaccessrequest_paper_id_5ae551a4; Type: INDEX; Schema: public; Owner: postgres
--

CREATE INDEX core_paperaccessrequest_paper_id_5ae551a4 ON public.core_paperaccessrequest USING btree (paper_id);


--
-- Name: core_paperaccessrequest_user_id_2ebc2698; Type: INDEX; Schema: public; Owner: postgres
--

CREATE INDEX core_paperaccessrequest_user_id_2ebc2698 ON public.core_paperaccessrequest USING btree (user_id);


--
-- Name: core_subcategory_category_id_ca17dbdb; Type: INDEX; Schema: public; Owner: postgres
--

CREATE INDEX core_subcategory_category_id_ca17dbdb ON public.core_subcategory USING btree (category_id);


--
-- Name: core_tag_name_5f34f44c_like; Type: INDEX; Schema: public; Owner: postgres
--

CREATE INDEX core_tag_name_5f34f44c_like ON public.core_tag USING btree (name varchar_pattern_ops);


--
-- Name: django_admin_log_content_type_id_c4bce8eb; Type: INDEX; Schema: public; Owner: postgres
--

CREATE INDEX django_admin_log_content_type_id_c4bce8eb ON public.django_admin_log USING btree (content_type_id);


--
-- Name: django_admin_log_user_id_c564eba6; Type: INDEX; Schema: public; Owner: postgres
--

CREATE INDEX django_admin_log_user_id_c564eba6 ON public.django_admin_log USING btree (user_id);


--
-- Name: django_session_expire_date_a5c62663; Type: INDEX; Schema: public; Owner: postgres
--

CREATE INDEX django_session_expire_date_a5c62663 ON public.django_session USING btree (expire_date);


--
-- Name: django_session_session_key_c0390e0f_like; Type: INDEX; Schema: public; Owner: postgres
--

CREATE INDEX django_session_session_key_c0390e0f_like ON public.django_session USING btree (session_key varchar_pattern_ops);


--
-- Name: auth_group_permissions auth_group_permissio_permission_id_84c5c92e_fk_auth_perm; Type: FK CONSTRAINT; Schema: public; Owner: postgres
--

ALTER TABLE ONLY public.auth_group_permissions
    ADD CONSTRAINT auth_group_permissio_permission_id_84c5c92e_fk_auth_perm FOREIGN KEY (permission_id) REFERENCES public.auth_permission(id) DEFERRABLE INITIALLY DEFERRED;


--
-- Name: auth_group_permissions auth_group_permissions_group_id_b120cbf9_fk_auth_group_id; Type: FK CONSTRAINT; Schema: public; Owner: postgres
--

ALTER TABLE ONLY public.auth_group_permissions
    ADD CONSTRAINT auth_group_permissions_group_id_b120cbf9_fk_auth_group_id FOREIGN KEY (group_id) REFERENCES public.auth_group(id) DEFERRABLE INITIALLY DEFERRED;


--
-- Name: auth_permission auth_permission_content_type_id_2f476e4b_fk_django_co; Type: FK CONSTRAINT; Schema: public; Owner: postgres
--

ALTER TABLE ONLY public.auth_permission
    ADD CONSTRAINT auth_permission_content_type_id_2f476e4b_fk_django_co FOREIGN KEY (content_type_id) REFERENCES public.django_content_type(id) DEFERRABLE INITIALLY DEFERRED;


--
-- Name: auth_user_groups auth_user_groups_group_id_97559544_fk_auth_group_id; Type: FK CONSTRAINT; Schema: public; Owner: postgres
--

ALTER TABLE ONLY public.auth_user_groups
    ADD CONSTRAINT auth_user_groups_group_id_97559544_fk_auth_group_id FOREIGN KEY (group_id) REFERENCES public.auth_group(id) DEFERRABLE INITIALLY DEFERRED;


--
-- Name: auth_user_groups auth_user_groups_user_id_6a12ed8b_fk_auth_user_id; Type: FK CONSTRAINT; Schema: public; Owner: postgres
--

ALTER TABLE ONLY public.auth_user_groups
    ADD CONSTRAINT auth_user_groups_user_id_6a12ed8b_fk_auth_user_id FOREIGN KEY (user_id) REFERENCES public.auth_user(id) DEFERRABLE INITIALLY DEFERRED;


--
-- Name: auth_user_user_permissions auth_user_user_permi_permission_id_1fbb5f2c_fk_auth_perm; Type: FK CONSTRAINT; Schema: public; Owner: postgres
--

ALTER TABLE ONLY public.auth_user_user_permissions
    ADD CONSTRAINT auth_user_user_permi_permission_id_1fbb5f2c_fk_auth_perm FOREIGN KEY (permission_id) REFERENCES public.auth_permission(id) DEFERRABLE INITIALLY DEFERRED;


--
-- Name: auth_user_user_permissions auth_user_user_permissions_user_id_a95ead1b_fk_auth_user_id; Type: FK CONSTRAINT; Schema: public; Owner: postgres
--

ALTER TABLE ONLY public.auth_user_user_permissions
    ADD CONSTRAINT auth_user_user_permissions_user_id_a95ead1b_fk_auth_user_id FOREIGN KEY (user_id) REFERENCES public.auth_user(id) DEFERRABLE INITIALLY DEFERRED;


--
-- Name: core_capstonepaper core_capstonepaper_category_id_969f8e2b_fk_core_category_id; Type: FK CONSTRAINT; Schema: public; Owner: postgres
--

ALTER TABLE ONLY public.core_capstonepaper
    ADD CONSTRAINT core_capstonepaper_category_id_969f8e2b_fk_core_category_id FOREIGN KEY (category_id) REFERENCES public.core_category(id) DEFERRABLE INITIALLY DEFERRED;


--
-- Name: core_capstonepaper core_capstonepaper_subcategory_id_24285cd5_fk_core_subc; Type: FK CONSTRAINT; Schema: public; Owner: postgres
--

ALTER TABLE ONLY public.core_capstonepaper
    ADD CONSTRAINT core_capstonepaper_subcategory_id_24285cd5_fk_core_subc FOREIGN KEY (subcategory_id) REFERENCES public.core_subcategory(id) DEFERRABLE INITIALLY DEFERRED;


--
-- Name: core_capstonepaper_tags core_capstonepaper_t_capstonepaper_id_66dc2e10_fk_core_caps; Type: FK CONSTRAINT; Schema: public; Owner: postgres
--

ALTER TABLE ONLY public.core_capstonepaper_tags
    ADD CONSTRAINT core_capstonepaper_t_capstonepaper_id_66dc2e10_fk_core_caps FOREIGN KEY (capstonepaper_id) REFERENCES public.core_capstonepaper(id) DEFERRABLE INITIALLY DEFERRED;


--
-- Name: core_capstonepaper_tags core_capstonepaper_tags_tag_id_f43ea909_fk_core_tag_id; Type: FK CONSTRAINT; Schema: public; Owner: postgres
--

ALTER TABLE ONLY public.core_capstonepaper_tags
    ADD CONSTRAINT core_capstonepaper_tags_tag_id_f43ea909_fk_core_tag_id FOREIGN KEY (tag_id) REFERENCES public.core_tag(id) DEFERRABLE INITIALLY DEFERRED;


--
-- Name: core_capstonepaper core_capstonepaper_uploaded_by_id_4206f6be_fk_auth_user_id; Type: FK CONSTRAINT; Schema: public; Owner: postgres
--

ALTER TABLE ONLY public.core_capstonepaper
    ADD CONSTRAINT core_capstonepaper_uploaded_by_id_4206f6be_fk_auth_user_id FOREIGN KEY (uploaded_by_id) REFERENCES public.auth_user(id) DEFERRABLE INITIALLY DEFERRED;


--
-- Name: core_paperaccessrequest core_paperaccessrequ_paper_id_5ae551a4_fk_core_caps; Type: FK CONSTRAINT; Schema: public; Owner: postgres
--

ALTER TABLE ONLY public.core_paperaccessrequest
    ADD CONSTRAINT core_paperaccessrequ_paper_id_5ae551a4_fk_core_caps FOREIGN KEY (paper_id) REFERENCES public.core_capstonepaper(id) DEFERRABLE INITIALLY DEFERRED;


--
-- Name: core_paperaccessrequest core_paperaccessrequest_user_id_2ebc2698_fk_auth_user_id; Type: FK CONSTRAINT; Schema: public; Owner: postgres
--

ALTER TABLE ONLY public.core_paperaccessrequest
    ADD CONSTRAINT core_paperaccessrequest_user_id_2ebc2698_fk_auth_user_id FOREIGN KEY (user_id) REFERENCES public.auth_user(id) DEFERRABLE INITIALLY DEFERRED;


--
-- Name: core_subcategory core_subcategory_category_id_ca17dbdb_fk_core_category_id; Type: FK CONSTRAINT; Schema: public; Owner: postgres
--

ALTER TABLE ONLY public.core_subcategory
    ADD CONSTRAINT core_subcategory_category_id_ca17dbdb_fk_core_category_id FOREIGN KEY (category_id) REFERENCES public.core_category(id) DEFERRABLE INITIALLY DEFERRED;


--
-- Name: core_userprofile core_userprofile_user_id_5141ad90_fk_auth_user_id; Type: FK CONSTRAINT; Schema: public; Owner: postgres
--

ALTER TABLE ONLY public.core_userprofile
    ADD CONSTRAINT core_userprofile_user_id_5141ad90_fk_auth_user_id FOREIGN KEY (user_id) REFERENCES public.auth_user(id) DEFERRABLE INITIALLY DEFERRED;


--
-- Name: django_admin_log django_admin_log_content_type_id_c4bce8eb_fk_django_co; Type: FK CONSTRAINT; Schema: public; Owner: postgres
--

ALTER TABLE ONLY public.django_admin_log
    ADD CONSTRAINT django_admin_log_content_type_id_c4bce8eb_fk_django_co FOREIGN KEY (content_type_id) REFERENCES public.django_content_type(id) DEFERRABLE INITIALLY DEFERRED;


--
-- Name: django_admin_log django_admin_log_user_id_c564eba6_fk_auth_user_id; Type: FK CONSTRAINT; Schema: public; Owner: postgres
--

ALTER TABLE ONLY public.django_admin_log
    ADD CONSTRAINT django_admin_log_user_id_c564eba6_fk_auth_user_id FOREIGN KEY (user_id) REFERENCES public.auth_user(id) DEFERRABLE INITIALLY DEFERRED;


--
-- PostgreSQL database dump complete
--

